2.10MSUPERSLIM,3
2.40MSUPERSLIM,-2
2.70MSUPERSLIM,4
900MMSUPERSLIM,15
90DEGCORNER,24
ALB-2335,-1
ALB-2340,-6
ALB-2350,-1
ALB-2360,-1
ALB-2380,3
ALSTR-2133,13
ALSTR-2134,15
ALSTRU-1235,29
AS-2.0,3
AS-HR-2.0,-9
AS-TR-2.0,1
BP-1400,68
BP-1410,440
BP-1435,319
BP-1440,6
BPSCRWJCK,10
BR-2017,-112
BR-2020,397
BR-2032,511
BR-2036,-51
CHAIN&SHADE-(BLCK),15
FIXEDADAPTOR,12
FLP-3BRD,50
FTG-1601,"1,162"
FTG-1603,"1,106"
FTG-1607,37
FTG-1609,188
FTG-1610,-8
FTG-1611,330
FTG-1612,454
FTG-1613,384
FTG-1615,"1,808"
FTG-1617,27
FTG-1619,6
FTG-1620,31
FTG-1621,133
HANDRAILBASEPLATE,5
HRDT-1255,6
HRDT-1260,9
HRDT-1265,39
HU-1700,52
HU-1710,65
HU-1720,19
HU-1721,108
HU-1730,24
HU-1731,3
HU-1732,-2
HU-1740,-6
LAD-2130,41
LAD-2136,11
LATR-1245,-5
LED-1108,84
LED-1110,543
LED-1112,"1,559"
LED-1118,690
LED-1124,"1,007"
LGPIN,36
LP-2BRD,-33
LP-3BRD,-27
LVL,30
M16X40MM,450
M24X110MM,282
NEWPLY-1.8,281
NEWPLY-2.4,266
NEWPLY-2.4CD,124
NUT24,40
PLR-1301,-2
PROPJACK,10
PROPJACKLHRED,8
ROD24@2MLONG,64
SB0596,8
SB-1504,"1,292"
SG-0.9,25
SGI-0.9,-15
SLB-2340,1
SLB-2353,-4
SLB-2363,-4
STB-1308,326
STB-1310,103
STB-1312,-134
STB-1318,335
STB-1324,"1,197"
STCW12,-4
STCW24,32
STCWB,16
STND-1003,-19
STND-1005,-25
STND-1008,-6
STND-1010,122
STND-1011,52
STND-1015,160
STND-1016,240
STND-1020,-1
STND-1021,-49
STND-1025,-2
STND-1026,-34
STND-1030,"1,486"
STR-2117,-3
STR-2118,-3
STR-2120,4
SUN-2401,-240
SUN-2402,-1
SUN-2403,-71
SUN-2404,18
SUN-2408,"1,600"
SUN-2416,31
SUN-2424,225
SUN-2427,120
SUN-2428,105
TB-1711,45
TB-1712,24
TB-1718,-38
TB-1724,-280
TF-AT95*63-3.6LVL,24
TP-1812,-77
TP-1815,-89
TP-1818,-214
TP-1824,852
TP-1830,97
TP-1836,25
TR-BAS-COLL,1
TR-BR-20060,1
TR-LED-1108,7
TR-LED-11213,2
TRN-1201,22
TRN-1204,96
TRN-1205,383
TRN-1208,157
TRN-1210,-11
TRN-1212,"2,019"
TRN-1218,-10
TRN-1224,-187
TR-STB-1321,3
TR-STND-1010,2
TR-STND-1030,1
TU-1903,-127
TU-1906,113
TU-1909,-37
TU-1912,-133
TU-1915,212
TU-1918,124
TU-1921,-53
TU-1924,-6
TU-1927,286
TU-1930,142
TU-1933,-91
TU-1936,334
TU-1940,3
TU-1950,30
TU-1960,26
UCP,-30
UNIM-2540,20
WASHER24,600
WB-2200,739
WB-2220,556
